Id,NAME,ADDRESS,CITY,STATE,ZIP,LAT,LON,PHONE,REVENUE,UTILIZATION
74ab949d-17ac-3309-83a0-13b4405c66aa,Fitchburg Outpatient Clinic,881 Main Street,Fitchburg,MA,01420,42.586487,-71.80521,978-342-9781 Or 978-342-9781,0.0,266
17a4bae5-8b64-34d7-8144-b428be027bd0,NURSE ON CALL,512 MAIN STREET  SUITE 211,SHREWSBURY,MA,015456406,42.295109499999995,-71.71808471110307,5088451232,0.0,3
e76b5eb0-0c9d-3593-b5da-3c0e9a97bb96,VA Boston Healthcare System  West Roxbury Campus,1400 VFW Parkway,West Roxbury,MA,02132,42.2793,-71.1657,617-323-7700,0.0,94
d2284f74-b6da-3a15-9791-84cdf2db18fb,EAST FALMOUTH FAMILY PRACTICE PC,331 E FALMOUTH HWY,E FALMOUTH,MA,025366039,41.57853245,-70.5617374807812,5084950704,0.0,65
e3089df2-a1db-372a-b660-30392d8c197b,PIONEER FAMILY HEALTH CARE LLC,178 N MAIN ST,SHARON,MA,020671229,42.13301625,-71.17263163492832,6176948356,0.0,17
77d67d58-b097-3309-a94c-abd49c432528,383 MILL STREET OPERATOR LLC,383 MILL ST,WORCESTER,MA,016022414,42.2618147,-71.85253220643622,5087918131,0.0,1
42d4b607-f14d-370a-818e-40965685776c,TRINITY FAMILY MEDICINE,3 WASHINGTON ST STE 220,NORTH EASTON,MA,023561034,42.0667665,-71.1036592,5082300155,0.0,42
ab701a70-a658-340e-8f69-ee196a7d40c6,CAREWELL URGENT CARE CENTERS OF MA  PC,484 RTE 134,WORCESTER,MA,016071728,42.2625621,-71.8018877,5086947901,0.0,8
11ba6a26-59b4-3728-a268-6dc9929962b4,COURTYARD NURSING CARE CENTER,200 GOVERNORS AVENUE,MEDFORD,MA,021551644,42.42711615,-71.1121606632448,7813915400,0.0,13
52ecddd8-42f6-35cc-88a5-cf474c02fb49,LIFE CARE CENTER OF PLYMOUTH,94 OBERY STREET,PLYMOUTH,MA,023602130,41.93725,-70.65503160208334,5087479800,0.0,5
a3a72023-3f37-3d77-be82-62085a912993,CITY OF SPRINGFIELD,311 STATE STREET,SPRINGFIELD,MA,011051140,42.10500795,-72.58124154847081,4137876456,0.0,63
1311c44a-85cb-3aea-a143-e5d7892ced8b,GROVE HILL MEDICAL CENTER PC,300 KENSINGTON AVE,SPRINGFIELD,MA,011071139,42.091896,-72.559437,8602246201,0.0,47
009f87f0-4bb6-350c-ba41-0b3235a7ca43,STONE INSTITUTE AND NEWTON HOME FOR AGED PEOPLE,277 ELLIOT ST,NEWTON UPPER FALLS,MA,024641201,42.3134306,-71.2206105,6175270023,0.0,1
fe675917-7b09-3afd-a6e6-128cc4de4734,INTERNATIONAL HEALTH SOLUTIONS,319A ALLSTON STREET,BRIGHTON,MA,021357652,42.345093,-71.139804,9786891907,0.0,11
5fcff9db-16e4-3e56-aa78-abbc16338097,THE LOWELL GENERAL HOSPITAL,295 VARNUM AVE,WESTFORD,MA,018863513,42.5792583,-71.4378411,9789376000,0.0,33
40c01d75-1542-3e0b-8e5f-78d3031beba1,PIONEER MEDICAL CENTER,505 PARADISE RD,SALEM,MA,019704267,42.485927,-70.900301,9787459449,0.0,28
1ddd51d1-7297-3c3b-bad5-98aecd5e4a79,BAYADA HOME HEALTH CARE  INC,127 CAMBRIDGE STREET  SUTIE #2B,BURLINGTON,MA,018033735,42.50188325,-71.19559351572005,6174721333,0.0,2
4cb90b5f-734d-322f-a2f2-776824e1ce35,SPECTRUM HOME HEALTH AND HOSPICE CARE,770 CONVERSE STREET,LONGMEADOW,MA,011061719,42.0639853,-72.5521444,4135652500,0.0,8
93c3d861-e05d-33b9-91eb-1768470229d7,PAIN AND WELLNESS CENTER,10 CENTENNIAL DR,PEABODY,MA,019607938,42.5261827,-70.9529896,9788267230,0.0,69
2e1eaaf1-ebb0-332c-8921-f48e15b91879,ALLIANCE HEALTH AT MARINA BAY,2 SEAPORT DRIVE,QUINCY,MA,021711599,42.29287335,-71.03019020136307,6177695100,0.0,11
ca1c0a76-f601-3a1c-a448-689cd3d56bb1,PILGRIM REHABILITATION & SKILLED NURSING CENTER,96 FOREST STREET,PEABODY,MA,019603907,42.528469349999995,-70.95557442492182,9785320303,0.0,2
b66db758-a205-3227-9cfb-bf19d2c1962d,ART OF CARE INC,121 HARVARD AVENUE  2ND FL,ALLSTON,MA,021342702,42.35241825,-71.13220132573996,6177877799,0.0,22
f549a720-814b-3dc6-ae77-6376a22564ee,J & B PARTNERSHIP LLP,209 COUNTY RD,NORTH FALMOUTH,MA,02556,41.6459404,-70.6183639,5085635913,0.0,1
0ddb0329-b59d-3187-874c-602c649249c8,BAYSTATE NOBLE HOSPITAL CORPORATION,115 W SILVER ST,WESTFIELD,MA,010853678,42.1178811,-72.75935246865802,4135682811,0.0,8
1e3ca321-fbbb-3546-b9ea-c3761a20324a,Worcester Outpatient Clinic,605 Lincoln Street,Worcester,MA,01605,42.297756,-71.766815,508-856-0104 Or 508-856-0104,0.0,16
02c936e2-3aee-38b2-88a4-81f3689b7bb7,BENJAMIN HEALTHCARE CENTER,120 FISHER AVENUE,BOSTON,MA,021203320,42.3276141,-71.1051603,6177381500,0.0,33
609ec9f1-e806-3427-b912-9e3b2915521d,HOLYOKE VISITING NURSE ASSOC,575 BEECH STREET,HOLYOKE,MA,010406604,42.20105435,-72.628169560868,4135345691,0.0,16
2b84e56e-08b4-3078-b3ea-4d159208e065,HORIZONS HEALTH & WELLNESS LLC,1029 PLEASANT ST,BRIDGEWATER,MA,023242301,41.9718173,-71.00937893001648,7815859522,0.0,182
4ffa4412-1493-3beb-b8f0-6614dde953a4,SOUTHCOAST HOSPITAL GROUP  INC,363 HIGHLAND AVENUE,WAREHAM,MA,025715011,41.745636,-70.658192,5086793131,0.0,270
a14e698d-a9ba-3eae-9c8b-682ec726433d,LYNN URGENT CARE LLC,776 WESTERN AVE,LYNN,MA,019052408,42.466763,-70.9494939,6178939901,0.0,15
7f26da64-69ab-3db4-b285-c48c9836a653,BEAR MT LOWELL LLC,500 WENTWORTH AVE,LOWELL,MA,018524937,42.631409,-71.283668,9784581271,0.0,1
5ba6765a-f335-36b0-9c6a-6bb494c5330d,URGENT CARE MEDICAL ASSOCIATES  LLC,31 OLD ROUTE 7,WESTWOOD,MA,020902333,42.2139873,-71.2244987,2038850808,0.0,1
b6eeaaf7-1683-3bcb-b6ee-81ce304636ef,MELROSEWAKEFIELD HEALTHCARE  INC,170 GOVERNORS AVE,MELROSE,MA,021763225,42.4564323,-71.064182,7819793050,0.0,100
65eda534-1bdc-3192-8d02-1c3764447790,PERSONAL PHYSICIANS HEALTHCARE PC,1244 BOYLSTON ST,CHESTNUT HILL,MA,024672115,42.3214927,-71.1711481,6177310058,0.0,56
14932db8-e179-331d-98ad-dc1c352cb6d3,743 MAIN STREET OPERATOR LLC,743 MAIN ST,MELROSE,MA,021762707,42.460108950000006,-71.06216841036309,7816627500,0.0,1
de29a374-221b-3cb4-8051-a02c1a35e5b7,FAMILY MEDICINE ASSOCIATES OF SOUTH ATTLEBORO  P.C.,562 WASHINGTON ST,SOUTH ATTLEBORO,MA,027036942,41.912892049999996,-71.36135809627689,5087615650,0.0,22
b03b624d-c939-3688-986d-9555b8009a3b,HOLYOKE HEALTH CENTER INC,230 MAPLE ST,HOLYOKE,MA,010405144,42.207406,-72.608419,4134202122,0.0,155
18061fd5-fda8-3e2d-87f0-0f3c87211bcc,CAMBRIDGE PUBLIC HEALTH COMMISSION,1493 CAMBRIDGE ST,SOMERVILLE,MA,021431408,42.3875968,-71.0994968,6176651000,0.0,14
76281d34-caff-30e0-8545-bcdf33182109,CLIFTON REHABILITATION NURSING CENTER,500 WILBUR AVENUE,SOMERSET,MA,027252051,41.72075205,-71.16843052114558,5086757589,0.0,4
b3ada130-6443-3a8e-98c7-4ec127a2b0c4,LIFE CARE CENTER OF ACTON,ONE GREAT ROAD,ACTON,MA,017205601,42.4850931,-71.43284,9782639101,0.0,2
7489f6e0-fee6-3fff-90b6-444868eb907c,ABBOTT HOME HEALTH CARE  INC,1 KIDDIE DRIVE  SUITE 106,AVON,MA,023221182,42.130150349999994,-71.05720685110387,7813440344,0.0,3
6cf8a214-8d57-3267-85e5-7719e15cd63e,LEMUEL SHATTUCK HOSPITAL,170 MORTON STREET,JAMAICA PLAIN,MA,021303735,42.299067750000006,-71.10124351911541,6175228110,0.0,42
13161e5b-02d2-3d19-8b48-26ef0becfc83,LEONARD FLORENCE CENTER FOR LIVING,165 CAPTAIN'S ROW,CHELSEA,MA,021504019,42.3917638,-71.0328284,6178870001,0.0,39
c7b63332-fdc7-3ab3-936b-284b931a9f6a,HERITAGE HALL NORTH,55 COOPER STREET,AGAWAM,MA,010012149,42.080218599999995,-72.61816103207964,4137868000,0.0,13
ccb716b1-277f-3eff-999f-3ac0df45713a,LAFAYETTE REHABILITATION AND SKILLED NURSING FACILITY  INC.,25 LAFAYETTE ST,MARBLEHEAD,MA,019451939,42.4938348,-70.87382362834484,7816314535,0.0,9
a3327df4-d092-350b-b551-e60c82076c9a,WEST BROOKFIELD FAMILY PRACTICE,46 NORTH MAIN ST,W BROOKFIELD,MA,015853232,42.23754835,-72.13791547215251,5088678977,0.0,7
aade280a-3b90-3e48-9648-91109a964a63,AP MEDICAL LLC,909 SUMNER ST,DARTMOUTH,MA,027473826,41.6332267,-70.9879928,5089715190,0.0,13
e59fb2d5-508c-38c6-af2e-21d8216dd2b0,BAYSTATE MEDICAL CENTER,759 CHESTNUT ST,WARE,MA,010821625,42.256476,-72.237482,4137940000,0.0,55
7a3b8310-02eb-3c47-aa1b-3f55b3ed9de9,ON CALL URGENT CARE  LLC,6 HATFIELD ST,NORTHAMPTON,MA,010602545,42.333172950000005,-72.6566355591273,4135847425,0.0,77
0f9d1260-db33-3483-b2b6-5483cfcb739c,ENHANCED MEDICAL CARE  LLC,361 WOODWARD ST,WABAN,MA,024682027,42.326011949999994,-71.2254251580706,6177774080,0.0,28
ad007cc5-a3df-3aa7-886d-5123ab59d189,MADONNA MANOR  INC.,85 N WASHINGTON ST,NORTH ATTLEBORO,MA,027601634,41.98443775,-71.33190349847027,5086992740,0.0,1
980d9bfa-a344-3bff-8c02-232dd0e8fd34,EDEN HOME HEALTH CARE LLC,100 TRADE CENTER SUITE G-700,WOBURN,MA,018011851,42.4792618,-71.1522766,7812025401,0.0,18
794b1cc2-97be-30a4-83a0-4bf6add43c74,ST JOSEPH MANOR HEALTH CARE INC,215 THATCHER STREET,BROCKTON,MA,023023949,42.0740963,-70.99660306096918,5085835834,0.0,1
440fa4b8-c731-3cf5-81d9-aa3f30a37b95,LAHEY HOSPITAL & MEDICAL CENTER  BURLINGTON,41 & 45 MALL ROAD,PEABODY,MA,019602901,42.5278731,-70.9286609,7817445100,0.0,605
0fab3c4e-a028-39a6-b15a-be5a88b6aa2a,ENCOMPASS HEALTH REHAB HOSPITAL OF WESTERN MASS,222 STATE STREET,LUDLOW,MA,010563437,42.15547415,-72.47222226666076,4135897581,0.0,166
3b021cb6-4745-3d9d-8436-230055f770bd,BETH ISRAEL DEACONESS HOSPITAL-NEEDHAM  INC.,148 CHESTNUT ST,NEEDHAM,MA,024943238,42.27728075,-71.23665362814043,7814533000,0.0,181
7b95b4ab-5bb6-3abc-b0e5-02689f84228d,READING INTERNAL MEDICINE ASSOCIATES INC,20 POND MEADOW DR,READING,MA,018673261,42.516645499999996,-71.09917578750729,7819440040,0.0,45
aaa7ebaf-b1a0-38c1-ba89-a16712cf431c,BRIDGEWATER NURSING HOME,16 PLEASANT STREET,BRIDGEWATER,MA,023242420,41.98625885,-70.97978204646246,5086974616,0.0,12
ce53c877-0290-390a-b4b4-2462001a1713,CIRCLE HOME,847 ROGERS STREET  SUITE 201,LOWELL,MA,018524345,42.6275246,-71.27673639687623,9784599343,0.0,11
34f0b10a-5e29-31de-a75e-e0bb03c0c0d4,WESTON PRIMARY CARE  PC,56 COLPITTS RD,WESTON,MA,024931568,42.36610065,-71.3036759,7818910906,0.0,39
57e4e5fa-d68d-3caa-a5ad-37beb1b51207,STEWARD NORWOOD HOSPITAL INC,800 WASHINGTON ST,NORWOOD,MA,020623487,42.1886973,-71.2005241,7812784120,0.0,3
2befa435-3070-3350-a15c-e43ac1e84b24,HOLYOKE VISITING NURSE ASSOC & HOSPICE LIFE CARE,575 BEECH STREET,HOLYOKE,MA,010406604,42.20105435,-72.628169560868,4135345691,0.0,4
00ffb204-07b4-3c72-a678-fa252e6cf86c,BEDFORD-LEXINGTON INTERNAL MEDICINE  PC,450 BEDFORD ST,LEXINGTON,MA,02420,42.47370735,-71.25090005,7812746274,0.0,41
b8421363-9807-3b16-a146-95336eea5cfb,COOLEY DICKINSON HOSPITAL INC,30 LOCUST ST,NORTHAMPTON,MA,010602052,42.33032115,-72.65330802608176,4135822000,0.0,342
945104f1-4b95-3eed-bd02-5efa0afbf34d,DIGNITY HOSPICE CARE INC,20 CENTRAL AVE # 506,LYNN,MA,019011201,42.46410018181818,-70.9465129090909,8572054114,0.0,4
901c2d40-1ca3-3879-9a20-c663b8adc0a9,TUFTS MEDICAL CENTER,800 WASHINGTON STREET,STONEHAM,MA,021802445,42.4863168,-71.0928919,6176365000,0.0,402
6170552c-4d27-3e64-8068-64a380f1837d,WP ACQUISITION SUB LLC,76 SUMMER ST,HAVERHILL,MA,018305814,42.7786873,-71.07306505177553,6158616000,0.0,414
b9e35b8a-9831-32d8-a6dc-d7a546c126b0,VIBRA HOSPITAL OF WESTERN MASS - CENTRAL CAMPUS,111 HUNTOON MEMORIAL HIGHWAY  1ST FLOOR,SPRINGFIELD,MA,011092550,42.1018764,-72.5886727,4137876700,0.0,506
7a75decf-7d3f-3b0d-8c2b-3abf0a8c7f58,NEW ENGLAND PROFESSIONAL HOME HEALTH CARE LLC,169 LIBERTY ST,MIDDLETON,MA,019491003,42.615226050000004,-71.0144865346162,(978) 406-1327,0.0,28
18df2721-3f76-3f83-94d5-63597cedd298,CURAHEALTH STOUGHTON LLC,909 SUMNER ST,STOUGHTON,MA,020723396,42.1005097,-71.0830269025407,7812978200,0.0,35
b1965e0b-9ef4-3e96-bad6-cb88ea7e7324,MARTHA'S VINEYARD HOSPITAL INC,1 HOSPITAL RD,OAK BLUFFS,MA,025571406,41.46063105,-70.57989080295974,5086930410,0.0,152
970993ce-f590-3150-9733-0e02c569b87f,NEW ENGLAND SINAI HOSPITAL  A STEWARD FAMILY HOSPITAL  INC.,150 YORK ST,STOUGHTON,MA,020721829,42.144646800000004,-71.09875876961266,7812971101,0.0,1
328f813e-4de8-3ec2-a113-43f3ddfb0b2a,DILIGENCEHEALTHCARE,30-40 WESTPARK STREET,BROCKTON,MA,023015241,42.0834335,-71.0183787,8574539843,0.0,29
8d110f42-6f75-3751-b0c5-b45ab08333a1,MORTON HOSPITAL,88 WASHINGTON ST,TAUNTON,MA,027802465,41.9062805,-71.09518121351795,5088287000,0.0,105
200746fc-5d0f-3ec7-a2a9-3d9a219ee139,COMPASSIONATE CARE HOSPICE,800 CUMMINGS PARK  SUITE 3100,WOBURN,MA,018016355,42.4977745,-71.1237712,7819355550,0.0,10
dd3307db-114c-3f11-be44-a9eef6bb3fc5,LYNN COMMUNITY HEALTH,269 UNION STREET,LYNN,MA,019011201,42.4652772,-70.94362420273097,7815962502,0.0,19
36d96ba1-1b43-3fda-b4b0-84205d5b3a16,EMANUEL DEVELOPMENT CORPORATION,10 BELLAMY ST,BRIGHTON,MA,021351502,42.354847649999996,-71.16853348093532,6177828113,0.0,2
15d4c950-4691-3996-b4c4-bf06bfb58ff7,HOLY FAMILY HOSPITAL,70 EAST ST,METHUEN,MA,018445883,42.7285558,-71.16833738237946,9786870151,0.0,284
5018c664-e283-30eb-932a-529d9a19b3b5,FIRST PSYCHIATRIC PLANNERS  INC,300 SOUTH ST,WOBURN,MA,018014979,42.473347,-71.144086,6174690300,0.0,1
2e8b42f8-4300-30a9-a576-d513d1021a0a,GREATER LOWELL FAMILY PRACTICE PC,600 CLARK RD,TEWKSBURY,MA,018761699,42.63120935,-71.27023603178071,9784538446,0.0,105
d140ed3f-2696-3e78-bd77-1c959ec4fc4d,HATHAWAY MANOR EXTENDED CARE,863 HATHAWAY ROAD,NEW BEDFORD,MA,027401916,41.6512968,-70.9669902070805,5089966763,0.0,1
1cff30ba-b91f-3ea2-b80b-770d67856358,ROYAL NURSING CENTER  LLC,359 JONES RD,FALMOUTH,MA,025403341,41.5591273,-70.60352436630029,7743450220,0.0,5
d4e48a16-0a60-3e90-81e5-c35b22ffe6af,GREEN MOUNTAIN URGENT CARE LLC,856 STATE RD,NORTH ADAMS,MA,012473027,42.69967208677275,-73.16330754755236,6035264635,0.0,2
bccd7d67-203c-3d93-b6b0-bff5a146cd1d,CARECENTRAL URGENT CARE MEDICAL GROUP PC,286 WASHINGTON ST,STOUGHTON,MA,020721763,42.1384306,-71.1022598,7813412800,0.0,31
63cb4d95-04a9-3a35-b5d9-f89e0377a48d,STURDY MEMORIAL HOSPITAL INC,211 PARK ST,ATTLEBORO,MA,027033143,41.9419187,-71.2752081695297,5082368110,0.0,278
6e290541-eba3-37fc-a3e2-e58f77e84c7e,JEWISH FAMILY SERVICE OF WESTERN MASSACHUSETTS INC.,15 LENOX ST.,SPRINGFIELD,MA,011083122,42.085779,-72.55846414285715,4137372601,0.0,47
263d1b03-1560-3fc3-b93d-c33a0cbd5837,HOSPICE SERVICES OF MASSACHUSETTS,10 RIVERSIDE DRIVE  STE 201,LAKEVILLE,MA,023471689,41.8771119,-70.92344635,5082910049,0.0,12
32741060-a632-36de-907b-3c21caacf07a,REVOLUTION AT SOMERSET POINT LLC,455 BRAYTON AVE,SOMERSET,MA,027262642,41.7294555,-71.16190171707717,5086792240,0.0,1
a2a41caf-758f-3962-8e5f-e6e603f93d17,VIBRA HOSPITAL OF WESTERN MASSACHUSETTS LLC,111 HUNTOON MEMORIAL HWY,ROCHDALE,MA,015421305,42.2020225,-71.89891616754682,5088926000,0.0,4
0d24cc89-3256-330c-b36d-d8de8babef84,CAPE COD HEALTHCARE PHYSICIANS,1030 FALMOUTH RD,SOUTH YARMOUTH,MA,026641218,41.6667779,-70.1847414,5087784777,0.0,93
19a65317-5d32-355e-8f82-88933d48366d,LAKEVILLE FAMILY MEDICINE PC,5 PRECINCT ST,LAKEVILLE,MA,023471468,41.8455651,-70.95195924208448,5089476666,0.0,49
844a8cb2-4164-35b2-88b8-dffa2889a738,CENTER FOR EXTENDED CARE AT AMHERST,150 UNIVERSITY DRIVE,AMHERST,MA,010022232,42.368937,-72.53247107203978,4132568185,0.0,54
9d0e702d-50a0-3f4c-9126-0951d560fd4b,NEW ENGLAND REHABILITATION SERVICES OF CENTRAL MASSACHUSETTS INC,189 MAY ST,WORCESTER,MA,016024339,42.25986305,-71.83597786023279,5087916351,0.0,35
ea8d287f-b3a9-3800-8798-788e334ee406,NORTH SHORE MEDICAL CENTER INC,81 HIGHLAND AVE,SWAMPSCOTT,MA,019072928,42.4699241,-70.9171507,9783542065,0.0,403
c7542447-e06e-32cb-b6db-243c23a0dbc2,FRANCISCAN HOSPITAL FOR CHILDREN INC,30 WARREN ST,BOSTON,MA,021353602,42.3501483,-71.14393324457691,6172543800,0.0,533
8bf5325a-c11b-35c4-b07d-17a5aeba8353,BEACON HOSPICE  AN AMYEDISYS COMPANY,815 WORCESTER STREET,SPRINGFIELD,MA,011511001,42.1018764,-72.5886727,4132051229,0.0,10
46375470-1e20-3ddc-8dc5-010ba53826b6,BAYSTATE WING HOSPITAL CORPORATION,40 WRIGHT ST,PALMER,MA,010691138,42.16934095,-72.34120457065711,4132837651,0.0,10
9d2a1656-0f4d-30d1-bc63-eb365a05529c,STEWARD GOOD SAMARITAN MEDICAL CENTER  INC.,235 N PEARL ST,BROCKTON,MA,023011794,42.09805395,-71.0609587194362,5084272841,0.0,14
aba3e6f6-4562-342e-b90f-dd61b117f394,MEDICAL EXPRESS URGENT CARE CENTER CO INC,438 CHESTNUT STREET,SPRINGFIELD,MA,011072008,42.11291091861002,-72.59692685125127,4137811100,0.0,34
30547c24-6d41-3a9d-8a21-cc3606224d38,MILTON HC OPERATING LLC,1200 BRUSH HILL ROAD,MILTON,MA,021862337,42.23073215,-71.122659913074,6173330600,0.0,1
ca8a919a-05f9-3687-bfb6-42800a70031e,LIFE LINE COMMUNITY HEALTHCARE,6111 OAK TREE BLVD STE 301,FRAMINGHAM,MA,017014613,42.3095704,-71.4413097,2165816556,0.0,57
eee00932-ca82-36bc-b7e8-e3fff6dbaeaa,DANA FARBER CANCER INSTITUTE,450 BROOKLINE AVE,WEYMOUTH,MA,021893141,42.2212188,-70.9391625,6176323000,0.0,94
f087b01f-da5c-3db6-bb6d-8a3cf3e630c5,WEBSTER SQUARE MEDICAL CENTER  INC,255 PARK AVE,WORCESTER,MA,016091989,42.26491135,-71.8185187,5087559776,0.0,35
065eba51-cef7-3976-8654-ba8e7df887ce,HOSPICE OF THE FISHER HOME,1165 NORTH PLEASANT STREET,AMHERST,MA,01002,42.40927615,-72.52971238527101,4135490115,0.0,3
9fbf3c5e-5f22-3b9f-9032-39d6de320874,METRO WEST REHAB CORP,150 FLANDERS RD,WESTBOROUGH,MA,015811017,42.2770724,-71.5679154706427,5088712000,0.0,129
bce5b907-584b-345d-bbcf-912cf56cb6c3,RENAISSANCE PRIMARY CARE LLC,11-15 SANDERSDALE ROAD,WORCESTER,MA,016032467,42.0667952,-72.0084995,7744202311,0.0,17
f99f149d-87f2-3900-b433-d2d87144e34e,WNR INC,1 HOSPITAL RD,OAK BLUFFS,MA,025572747,41.46063105,-70.57989080295974,5086930410,0.0,5
3ff0f58b-7a1f-3334-9449-ff15f68b7d86,BETH ISRAEL DEACONESS HOSPITAL PLYMOUTH INC,275 SANDWICH ST,PLYMOUTH,MA,023607761,41.94186605,-70.6455366462985,5087462000,0.0,39
70e3ad4f-b9ff-3f3e-9990-2cd7e23a9d1c,HEALTH-MD URGENT CARE,1238 RIVERDALE ST,WEST SPRINGFIELD,MA,010894675,42.1373438,-72.62624707492338,4135043507,0.0,67
75846b1f-d0ec-3255-9bdd-d09eb0a9dd0d,HOLYOKE MEDICAL CENTER INC,575 BEECH ST,HOLYOKE,MA,010402296,42.20105435,-72.628169560868,4135342845,0.0,80
dd280187-8662-3732-af81-595d10572911,4499 ACUSHNET AVENUE OPERATING COMPANY  LLC,4499 ACUSHNET AVE,NEW BEDFORD,MA,027454707,41.74026055,-70.9450945705336,5089956900,0.0,30
a6964d47-8af0-3df2-b99d-d8414eb1cfa3,ARBOUR-FULLER HOSPITAL,200 MAY ST,SOUTH ATTLEBORO,MA,027035520,41.924394750000005,-71.36076410900014,5087618500,0.0,161
dae3ee01-f383-366e-9ad6-dc92963064ea,MERCY MEDICAL CTR,1233 MAIN ST,HOLYOKE,MA,010405381,42.16578055,-72.63389634691956,4135365111,0.0,533
6d947ed4-9b7f-3720-8141-67109691d2e7,Pittsfield Outpatient Clinic,73 Eagle Street,Pittsfield,MA,01201,42.451427,-73.25195,413-499-2672 Or 413-499-2672,0.0,47
2c708a72-2e25-36a1-8209-d2a708874eff,HOPEHEALTH HOSPICE & PALLIATIVE CARE,1324 BELMONT STREET #202,BROCKTON,MA,023014435,42.057156895761736,-71.06994368825448,5089570200,0.0,2
dac75bc1-cbfa-306b-9a0a-88d5edf3638d,BRIGHTON HOUSE REHABILITATION & NURSING CENTER,170 COREY ROAD,BRIGHTON,MA,021358244,42.3433093,-71.14003855124017,6177310515,0.0,13
63b4f233-fb49-3b1e-a17c-2d572367b131,GERMAN CENTER FOR EXTENDED CARE,2222 CENTRE STREET,WEST ROXBURY,MA,021324034,42.27370345,-71.15856364656862,6173251230,0.0,3
9d283097-e706-3421-8b98-948b1fdadf30,BEAR MT WEST SPRINGFIELD LLC,42 PROSPECT AVE,WEST SPRINGFIELD,MA,010894510,42.157666846720865,-72.63485704670578,4137333151,0.0,1
92d919ab-8380-3fda-a5f1-838e69b819c1,ZANJABEE INTEGRATIVE MEDICINE AND PRIMARY CARE LLC,300 TRADECENTER STE 4750,WOBURN,MA,018017420,42.4994143,-71.161659,4019525488,0.0,14
87472bc2-7c23-37cc-8355-7f3e88614b6b,EAST LONGMEADOW SKILLED NURSING CENTER,305 MAPLE STREET,EAST LONGMEADOW,MA,010282765,42.059258494749486,-72.53388585052694,4135256361,0.0,4
b69bccdc-5ad3-3ded-a018-3cd8f369c9d2,CAPE REGENCY REHABILITATION & HEALTH CARE CENTER,120 S MAIN STREET,CENTERVILLE,MA,026323246,41.649898300000004,-70.34309844876677,5087781835,0.0,6
542185c1-943a-30f4-aba0-0efaa92488a4,EVEREST HEALTH CARE SPECIALISTS PLLC,142 LAKE ST,ARLINGTON,MA,024764738,42.40328885,-71.15140830652837,7817772320,0.0,13
a2cc09de-c1e2-3126-8c09-d49f95225281,CHILDREN'S HOSPITAL CORPORATION,300 LONGWOOD AVE,WALTHAM,MA,024532741,42.3756401,-71.2358004,6173554831,0.0,97
9f2f60a6-87a4-3f45-b753-b63b5b7e9993,NORTH END COMMUNITY HEALTH COMMITTEE INC,332 HANOVER STREET,BOSTON,MA,021131901,42.3647421,-71.0536619,6176438000,0.0,94
44cb1162-a345-3477-8723-c202a3c8cdcd,HOPKINTON MEDICAL CARE  P.C.,73 W MAIN ST,HOPKINTON,MA,017481619,42.21799145,-71.54005509979045,5084356900,0.0,121
f341c366-8313-3790-ab26-d8d27b116ff5,WAYSIDE YOUTH & FAMILY SUPPORT NETWORK,80 LINCOLN STREET,WALTHAM,MA,024535465,42.39322121170625,-71.24104146434591,5086200010,0.0,48
f312977e-8f41-3816-84cc-e5b12ba36955,BRIGHAM AND WOMEN'S FAULKNER HOSPITAL  INC.,1153 CENTRE ST,JAMAICA PLAIN,MA,021303446,42.3017598,-71.12855793387442,6179837470,0.0,208
c5403c4f-14d5-3171-9227-a9b8327f3149,CONTINUUM HEALTHCARE SOLUTIONS LLC,52 OLNEY RD,CHICOPEE,MA,010202103,42.1487691,-72.6071119,4135309616,0.0,95
82248deb-13cc-31b2-8764-0233e159a93a,COMMUNITY HEALTH PROGRAMS INC,19 DEPOT STREET,ADAMS,MA,012201856,42.623644600000006,-73.11852130252683,4137431080,0.0,28
ce4d0501-49eb-396a-bc56-545fdfc624b0,MARTHA'S VINEYARD HOSPITAL INC,1 HOSPITAL RD,OAK BLUFFS,MA,025571406,41.46063105,-70.57989080295974,5086930410,0.0,641
e69e7cbb-8362-30d1-83f2-3a0c492fe2b1,PLYMOUTH CARVER PRIMARY CARE  P.C.,110 LONG POND RD,PLYMOUTH,MA,023602642,41.9255829,-70.65514326847389,5087467272,0.0,37
1ef8d603-bec1-35f5-a830-2a0b919cf47f,SUTTON HILL CENTER,1801 TURNPIKE STREET,NORTH ANDOVER,MA,018456322,42.6355548,-71.0761760490546,9786881212,0.0,1
9e469108-97a0-350a-b6ba-be2a286b3dcc,METRO WEST REHAB CORP,150 FLANDERS RD,WESTBOROUGH,MA,015811017,42.2770724,-71.5679154706427,5088712000,0.0,143
afc661fd-71d9-3fc3-adf2-3fc3b5e8a140,BROCKTON HOSPITAL  INC.,680 CENTRE ST,RAYNHAM,MA,02767,41.9487118,-71.0731008,5089417000,0.0,83
759de184-595f-3131-ba20-6a412553496d,49 THOMAS PATTEN DRIVE OPERATING COMPANY  LLC,49 THOMAS PATTEN DR,RANDOLPH,MA,023683901,42.1594587,-71.06112167252701,7819611160,0.0,1
db106514-f254-3402-b6a4-6d210c78c7e2,JOHN ADAMS HEALTHCARE CENTER,211 FRANKLIN STREET,QUINCY,MA,021697833,42.23691085,-71.00237199954586,6174790837,0.0,4
ee7fab6f-6438-394f-b1f2-3e452f8f055a,BLUEBERRY HILL REHABILITATION AND HEALTHCARE CTR,75 BRIMBAL AVENUE,BEVERLY,MA,019156009,42.570099299999995,-70.87108224250409,9789272020,0.0,198
1ce0d1a3-b507-3ad1-afc5-b25bfe48b8dc,STOUGHTON PUBLIC HEALTH ASSOCIATION,10 PEARL STREET,STOUGHTON,MA,020722364,42.125716800000006,-71.1025481568314,7813447011,0.0,3
a2d45ee8-b930-3169-b612-f602961ad212,SUNRISE HEALTHCARE LLC,37 MINUTEMAN WAY,SHREWSBURY,MA,015452229,42.288207,-71.73443816915585,6176509959,0.0,28
817f4acb-0184-3146-9ce0-87197d8f115a,READING FAMILY MEDICINE PC,30 NEWCROSSING RD STE 301,READING,MA,01867,42.51809619399502,-71.0959083715027,7819420380,0.0,39
4fa643ae-1f58-3c2e-9f33-0ba56345ad10,COMPASSIONATE HEALTH CARE GROUP LLC,361 MAIN ST,WAREHAM,MA,025712153,41.761384899999996,-70.71911431737183,7746787319,0.0,36
e98ef46c-e94c-34bc-9cf5-134d8ddcbac5,COMMUNITY VISITING NURSE AGENCY  INC.,10 EMORY ST,ATTLEBORO,MA,027033002,41.9447388,-71.27972821642685,5082220118,0.0,2
2b97893e-dc50-378b-a266-f089b8450329,HARBOR HEALTH SERVICES INC,250 MOUNT VERNON ST,DORCHESTER,MA,021253120,42.3194571,-71.04610844302991,6172881140,0.0,53
d0894f6b-78d7-338d-82ad-b63de4d40014,MOUNT AUBURN HOSPITAL,330 MOUNT AUBURN STREET,WALTHAM,MA,02452,42.3756401,-71.2358004,6174923500,0.0,32
02661a4d-56da-3bfb-8ca0-0ecc77ba9fa6,VISITING NURSE ASSOCIATION AND HOSPICE OF WESTERN NEW ENGLAND  INC,30 CAPITAL DR STE A,WEST SPRINGFIELD,MA,010891359,42.13809525,-72.62351832623938,4137946411,0.0,4
310d02fb-ba0c-3b5a-9ab3-8d7bb8e7b661,FAMILY MEDICAL ASSOCIATES  P.C.,709 WASHINGTON STREET,CANTON,MA,02021,42.1561851,-71.1452049,7818285351,0.0,53
03c5769d-b185-35ee-b563-9e651cff95bc,LOOMIS SENIOR LIVING  INC,807 WILBRAHAM RD,SPRINGFIELD,MA,011092067,42.1108434,-72.5341133,4137821800,0.0,1
88975fd9-b47e-3af6-af78-c58e1ecf0d5e,BAYSTATE NOBLE HOSPITAL CORPORATION,115 W SILVER ST,WESTFIELD,MA,010853628,42.1178811,-72.75935246865802,4135682811,0.0,1
46e66051-c061-3c31-b439-1d71df92db1c,BEAR HILL HEALTHCARE LLC,11 NORTH ST,STONEHAM,MA,021801040,42.50329135,-71.10023035268328,7814388515,0.0,3
52efa2e5-007f-3396-a83a-28ca015f0595,BAYADA HOME HEALTH CARE INC,20 N PARK AVE STE 2200A,PLYMOUTH,MA,023604090,41.960434631488596,-70.67007876763536,5088300999,0.0,6
edd58f69-ad5f-346b-b1f9-530ccdc895f6,RISE ABOVE WELLNESS HEALTH SERVICES LLC,52 CARPENTER ST,ATTLEBORO,MA,027032472,41.9369576,-71.27996091755344,8572473180,0.0,75
069b90f9-309b-35e4-b990-d1dbacb962cc,MONT MARIE REHABILITATION & HEALTHCARE CENTER,36 LOWER WESTFIELD ROAD,HOLYOKE,MA,010402749,42.16975305,-72.63488031242107,4135386050,0.0,34
e5ce3b83-f5e6-308d-aa64-82539fc2d906,FIRST CHOICE HEALTHCARE  INC.,1842 BEACON ST,BROOKLINE,MA,024451922,42.33728028715071,-71.14536064081996,6172934594,0.0,2
a2047ff6-62f2-34d7-beb9-7e164d989c75,RECUPERATIVE SERVICES UNIT-HEBREW REHAB CENTER,1200 CENTRE STREET,ROSLINDALE,MA,021311011,42.29768,-71.130463,6173258000,0.0,11
5d0d1d11-dd8a-3d28-b029-93062b6798a5,BEAUMONT AT UNIVERSITY CAMPUS,378 PLANTATION STREET,WORCESTER,MA,016052324,42.27966095,-71.7626143755108,5087557300,0.0,2
48a6d3ab-50ef-349e-8945-2558a78f378e,SAINT ANNE'S HOSPITAL,795 MIDDLE ST,SWANSEA,MA,027774114,41.730919,-71.208117,5086745600,0.0,58
0a8a4b11-d0b8-3cd2-92cd-983de5189cfa,LIFE CARE CENTER OF THE NORTH SHORE,111 BIRCH STREET,LYNN,MA,019021574,42.47859105,-70.93458444045801,7815929667,0.0,21
cabc0f0d-dcca-34a2-bc6b-519ed1cc7f74,ACHIEVE WELLNESS  LLC,191 MERRIMACK ST STE 712,HAVERHILL,MA,018306199,42.7742236,-71.08181133783422,9788914928,0.0,57
7b7ce654-a413-37d1-9d34-97240c0ac580,WOONSOCKET URGENT CARE PC,1 WRENTHAM ST,BELLINGHAM,MA,020192532,42.025037350000005,-71.48945118224057,5083184466,0.0,6
f1c6e386-ed52-3f97-a2b0-4e21ad2d0966,TAUNTON MEDICAL CENTER  PC,54 COURT ST,TAUNTON,MA,027803201,41.9028629,-71.09718927122583,5088212500,0.0,62
7b20d1c4-c56b-3647-801c-5e4e13679073,BETH ISRAEL DEACONESS HOSPITAL PLYMOUTH INC,275 SANDWICH ST,PLYMOUTH,MA,023602183,41.94186605,-70.6455366462985,5087462000,0.0,38
880c8804-deb0-35b0-9132-06950118b8b3,BRIARWOOD REHABILITATION & HEALTHCARE CENTER,150 LINCOLN STREET,NEEDHAM,MA,024922914,42.2743931,-71.23662905222776,7814494040,0.0,9
3e97ce4f-3ad7-3cea-883f-e2bb4ca89d83,HALLMARK HEALTH URGENT CARE PHYSICIANS LLC,30 NEW CROSSING RD,READING,MA,018673270,42.51809619399502,-71.0959083715027,7812801699,0.0,103
e982819a-87b3-3124-a0f2-85f8afcc7731,DANVERS FAMILY DOCTORS PC,140 COMMONWEALTH AVE STE 202,DANVERS,MA,019233625,42.5524742,-70.94443165548033,9787626262,0.0,70
46daa26f-fda5-38a9-9c45-fda430d28fa6,FIDELIS HOSPICE,25 RAILROAD SQUARE  SUITE 501,HAVERHILL,MA,018325721,42.7736752,-71.08561759491305,9789127842,0.0,13
c0132cf6-1703-3aad-89b4-cc2f2bbc123e,MARISTHILL NURSING & REHABILITATION CENTER,66 NEWTON STREET,WALTHAM,MA,024536058,42.3746705,-71.22789736306842,7818930240,0.0,1
d5920b72-ac1a-3ec4-81ca-e3b75cb7aadd,Causeway OPC,251 Causeway St.,Boston,MA,02114,42.3665,-71.05931,800-865-3384,0.0,53
4f59f709-8b84-3d27-a04b-c6b7b5544413,HILLTOWN COMMUNITY HEALTH CENTERS INC,70 BOLTWOOD WALK,AMHERST,MA,010022271,42.3768779,-72.51840280783739,4132385511,0.0,189
c4e5b33c-17b8-3f51-a8ba-a327d54e642a,PRIMARY CARE MEDICINE AND PEDIATRICS  LLC,94 N ELM ST,WESTFIELD,MA,010852917,42.1322823,-72.7436679,4135621650,0.0,17
6d6ef57e-b2ce-3a69-bacf-4305c51834b0,VISITING NURSE AT HIGHLAND INC,186 HIGHLAND AVE,SOMERVILLE,MA,021431507,42.38845955,-71.10666839512322,6177764420,0.0,2
c25911bc-3240-358a-86ce-5f45bb8f0c53,TUFTS MEDICAL CENTER COMMUNITY CARE INC,325 WOOD RD,WELLESLEY HILLS,MA,024812188,42.3130588,-71.2738201,7813563336,0.0,28
552ede7f-2ba4-39ef-9217-29d27b89b8a7,LAKEVIEW HOUSE SKLD NRSG  AND RESIDENTIAL CARE FAC,87 SHATTUCK STREET,HAVERHILL,MA,018302319,42.796917699999995,-71.05216081525802,9783721081,0.0,28
79d49935-bcc0-36ca-920b-45365c367438,SOUTH BOSTON COMMUNITY HEALTH CENTER INC,409 W BROADWAY,SOUTH BOSTON,MA,021272245,42.336831,-71.047958,6172697500,0.0,40
0f2c58ec-5323-3c0f-9bdf-af0df7eb2a2b,MARIAN MANOR,130 DORCHESTER STREET,SOUTH BOSTON,MA,021272642,42.3334312,-71.0494949,6172683333,0.0,3
680532c8-2661-3b39-875a-b6ec0746ccf5,CHARLES RIVER COMMUNITY HEALTH  INC,30 ATHOL ST,ALLSTON,MA,021341124,42.36075595,-71.13397379082869,6177830500,0.0,83
51370692-6296-3150-8672-559fc73f964f,BRIGHAM & WOMENS HOSPITAL INC,75 FRANCIS ST,WEST BRIDGEWATER,MA,023791542,42.0219112,-71.019004,6177325500,0.0,691
10dcd91e-6eda-385b-bafb-d5e1ae92dc34,INTEGRATIVE MEDICINE AND HOLISTIC WELLNESS CENTERS LLC,677 W MAIN ST,HYANNIS,MA,026013493,41.652312699999996,-70.32027525205335,5087900606,0.0,63
c6b019eb-28ec-36f6-abf3-bcc4d1d58966,DUTTON FAMILY CARE ASSOCIATES LLP,33 AVON ST,WAKEFIELD,MA,018802310,42.50403445,-71.07462951514611,7812450402,0.0,76
b3312a2d-37e9-35a8-b50d-6c165c437baa,DIMOCK COMMUNITY HEALTH CENTER  INC,45 DIMOCK ST,ROXBURY,MA,021191029,42.32030665,-71.09721114916246,6174428800,0.0,31
2836d9ac-c6a6-39d1-8f13-fdf0fc8928f4,TEWKSBURY HOSPITAL,365 EAST ST,TEWKSBURY,MA,018761950,42.6069472,-71.2180803,9788517321,0.0,202
7dddc0c2-9f1d-3e4e-b2f2-fc7e6abbed31,ALTERNATIVE HOME HEALTH CARE  LLC,160 MERRIMACK STREET  SUITE 1,METHUEN,MA,018446117,42.7334079,-71.13599310716302,9786577444,0.0,10
82c72223-f521-3a34-9b9b-4ff366365399,CARNEY HOSPITAL,2100 DORCHESTER AVENUE,QUINCY,MA,021691870,42.2509914,-71.0037374,6175062000,0.0,598
423ee6a6-6928-3a01-a49d-9687361747a4,SALEM REHAB CENTER LLC,7 LORING HILLS AVE,SALEM,MA,019704267,42.48646565,-70.90338797731044,9787415700,0.0,1
21989e2e-249c-3b79-acf0-240211e16b4b,WHITTIER STREET NEIGHBORHOOD HEALTH CENTER,1290 TREMONT ST,ROXBURY,MA,021203432,42.3327398,-71.09194864251029,6174271000,0.0,29
a977feef-f585-3fa8-8deb-7e60fc2cab30,HORIZON HOME CARE  LLC,2314 MAIN STREET,TEWKSBURY,MA,018763128,42.58023655,-71.19367180835906,9788517775,0.0,3
df3f566c-97e5-31ed-b0fe-4b452666f736,CLASSIC HEALTHCARE MEDICAL GROUP LLC,300 CHESTNUT ST,NEEDHAM,MA,024922477,42.27522125,-71.23743483674366,7815590230,0.0,40
4705a8fd-19cd-32c1-8b3e-34bcfe84d0bd,WELLNESS ON WHEELS PC,55 N WASHINGTON ST,NORTH ATTLEBORO,MA,027601607,41.983529,-71.332241,5083164141,0.0,63
7345a4c0-52c6-3da2-8aef-fccb8ad3e8c4,BROOKHAVEN HOSPICE LLC,114 TURNPIKE RD STE 206,WESTBOROUGH,MA,015812800,42.28414835,-71.60433295499837,5088204800,0.0,1
497f39dd-280e-3d58-af5b-c5e3a3a09b10,CAPE COD HOSPITAL INC,27 PARK ST,HYANNIS,MA,026015230,41.65363635,-70.27352219234834,5087711800,0.0,921
f2a6c4f7-f5b2-361a-95c4-3d635b352a46,LIFE CARE CENTER OF RAYNHAM,546 SOUTH STREET EAST,RAYNHAM,MA,027671079,41.8984957,-71.03751432894776,5088215700,0.0,11
0d7fd824-1c7b-3f8b-a662-f6c2005e82e1,OVERLOOK MASONIC HEALTH CENTER,88 MASONIC HOME ROAD,CHARLTON,MA,015071394,42.1389039,-71.9782681,5082487344,0.0,5
a525d084-5a8f-3859-a048-2130a4092ec8,BAYADA HOME HEALTH CARE  INC,2 MOUNT ROYAL AVENUE  SUITE 350,MARLBOROUGH,MA,017521976,42.34042135,-71.57841367654626,5088534100,0.0,11
accb8cdd-6560-3fef-b0a6-f12c3295026a,LIFE CARE CENTER OF ATTLEBORO,969 PARK STREET,ATTLEBORO,MA,027035115,41.9266899,-71.2611303145582,5082224182,0.0,19
1ab2b5f9-cb95-3236-beec-9b9d4a407c61,BERKSHIRE MEDICAL CENTER INC,725 NORTH ST,PITTSFIELD,MA,012014109,42.4600752,-73.2492795834909,4134472000,0.0,20
b527fddb-df64-393e-af45-82ea7a4b4d45,SOTO HOME CARE  INC.,225 HIGH ST,HOLYOKE,MA,010406500,42.20728982352941,-72.60753205882354,4134377187,0.0,24
1bed5229-19d7-3168-94a2-f1f2abb00270,MORTON HOSPITAL  A STEWARD FAMILY HOSPITAL  INC.,88 WASHINGTON ST,TAUNTON,MA,027802465,41.9062805,-71.09518121351795,5088287881,0.0,11
41e2a44c-477c-3511-96f9-12c476aa3b6a,DR SOLOMON CARTER FULLER MENTAL HEALTH CENTER,85 E NEWTON ST,BOSTON,MA,021183553,42.336277100000004,-71.07085295687423,6176268860,0.0,395
f00601d0-d49e-30ed-bc3e-314379f2103e,MELROSE FAMILY OPTICIANS LLC,490 MAIN ST,MELROSE,MA,021763841,42.4550741,-71.0654799,7816650897,0.0,28
6df069d9-5273-32df-bee8-b6a5a20c2ece,Cape Cod Vet Center,474 West Main Street,Hyannis,MA,02601,41.650307,-70.313515,508-778-0124 Or 508-778-0124,0.0,175
5b0cd0a0-f277-3a66-bee6-d64b5be4a3f5,BERKSHIRE MEDICAL CENTER INC - 1,725 NORTH ST,PITTSFIELD,MA,012015493,42.4600752,-73.2492795834909,4134472000,0.0,7
79a06fd6-9f2b-35e3-9b11-0bc5ff89e17c,Lynn Community Based Outpatient Clinic (CBOC),225 Boston Road  Suite 107,Lynn,MA,01904,42.470093,-70.95994,800-838-6331,0.0,613
ad2dab07-4f85-3950-baaa-7c7cd2aa770c,UNIVERSITY OF MA MED CTR-ESRD,55 LAKE AVENUE NORTH,WORCESTER,MA,016550002,42.2774799,-71.76166994969458,5088560011,0.0,77
18b1bb7e-2f93-3253-a7ae-d19c13ffeaa1,GARDEN STATE HEALTHCARE ASSOCIATES LLC,29 E 29TH ST,WEST NEWBURY,MA,019854201,42.8014795,-70.989778,2018587394,0.0,78
67d2f85b-ddc7-3ed0-b90b-6fa5b7b8358a,CHARLES RIVER COMMUNITY HEALTH  INC,43 FOUNDRY AVE,WALTHAM,MA,024538313,42.37050535,-71.21908334877376,6177830500,0.0,25
0d9b0d22-585e-3fd8-ab02-26b5be7915d1,THE SHRINERS HOSPITAL FOR CHILDREN,516 CAREW ST,SPRINGFIELD,MA,011042330,42.12133575,-72.59217953646302,4137872000,0.0,307
0d1570ab-371c-3898-9397-95905d8c5166,TUFTS MEDICAL CENTER  INC,750 WASHINGTON ST,BOSTON,MA,021111552,42.3499038,-71.0631836,6176365442,0.0,83
1853aeef-5897-326a-80d6-aa4b0459eb6d,BARRINGTON URGENT CARE PC,381 WICKENDEN ST,ATTLEBORO,MA,027032247,41.9438129,-71.2806515,4014337550,0.0,10
bdaa3017-130e-34e9-b3ac-ca6d992e8b50,PENACOOK PLACE  INC,150 WATER STREET,HAVERHILL,MA,018306213,42.77508795,-71.07182802882255,9783740707,0.0,1
22fa6d28-92b6-3446-a388-f5aba50debaf,CHELSEA JEWISH VISITING NURSE AGENCY,123 CAPTAIN'S ROW,CHELSEA,MA,021504019,42.3917638,-71.0328284,6178870826,0.0,7
2ca615f3-87f7-3283-a447-d919a883b676,HANOVER FAMILY HEALTH & URGENT CARE PC,1399 WASHINGTON ST,HANOVER,MA,023391653,42.1441354,-70.8440854,7818290895,0.0,1
689f8809-c101-38db-b3c9-580b4c37f268,VINEYARD MEDICAL CARE LLC,364 STATE RD,VINEYARD HAVEN,MA,025685624,41.44720825,-70.61474940346154,5086934400,0.0,60
7f32dd7d-5c35-3ddb-839b-8fbbb930d412,ST PATRICK'S MANOR,863 CENTRAL STREET,FRAMINGHAM,MA,017014813,42.30758060362541,-71.42846215724606,5088798000,0.0,3
65bd3883-56ee-3eea-8e86-b7e677a30727,METRO WEST REHAB CORP,150 FLANDERS RD,WESTBOROUGH,MA,015811017,42.2770724,-71.5679154706427,5088712000,0.0,2
0a689d33-2b0d-3942-8de8-e28812e91c69,MEASURED WELLNESS LLC,47 SEAVERNS AVE # 5,BROOKLINE,MA,024463806,42.3317642,-71.1211635,5137482498,0.0,43
bb867d36-0c8d-33b4-b19c-a8c026655b6c,THE NORTHEAST HEALTH GROUP  INC,200 KENDALL ST,SPRINGFIELD,MA,011042532,42.12161175,-72.57784860231564,4137374756,0.0,3
1b3fe590-8793-3f08-865d-01fc425a84d4,FENWAY COMMUNITY HEALTH CENTER  INC,1340 BOYLSTON ST,BOSTON,MA,022154302,42.34392675,-71.09888049065322,6179274880,0.0,71
0be0e035-8dad-387e-bbdd-a5a469c4311f,PODIATRY HEALTHCARE P.C.,480 MAPLE ST,DANVERS,MA,019234065,42.584178050000006,-70.97197467750539,9783048403,0.0,64
3f12ebb4-e03c-3453-88d2-4fc9682383df,NEW BEDFORD INTERNAL MEDICINE & GERIATRICS  LLC,726 COUNTY ST,NORTH DARTMOUTH,MA,027473603,41.6389926,-70.9703171,5089845671,0.0,21
8ec2ca51-abb4-35dd-b90f-6c6aad6d2124,ALLIANCE HEALTH AT ROSEWOOD,22 JOHNSON STREET,PEABODY,MA,019602311,42.54644385,-70.99288129112277,9785358700,0.0,9
8af3b144-0e1a-3c90-937d-81a4ed026080,NORWOOD HOSPITAL,800 WASHINGTON STREET,NORWOOD,MA,020623489,42.1886973,-71.2005241,7817694000,0.0,10
9fdce5d5-d4d0-3156-a8d5-8757bfe4e9b3,ONE CALL HEALTHCARE PLLC,1 FARMER CIR,ARLINGTON,MA,024742866,42.42405225,-71.16792616556859,6178660789,0.0,4
b014aec7-7bd8-351f-8808-3e280cbc5be6,STEWARD HOLY FAMILY HOSPITAL INC,70 EAST ST,HAVERHILL,MA,018306700,42.7777829,-71.0767724,9786870151,0.0,134
f1664435-2eca-3eff-bd1a-13701e7ad1bd,STANFORD HEALTH CARE,300 PASTEUR DRIVE,NEWTON,MA,024592058,42.3370414,-71.2092214,6507234000,0.0,34
c5742266-625d-3824-9ed3-4b5c6bc3e296,SPECTRUM HEALTHCARE PARTNERS PA,22 BRAMHALL ST,SCITUATE,MA,020664312,42.1939754,-70.7697128,2076622571,0.0,78
52323856-2b6a-3c09-8277-7d4ff9cb325a,PARK  MARION AND VERNON STREETS OPERATING COMPANY LLC,99 PARK STREET,BROOKLINE,MA,024464406,42.3398029,-71.1238599,6177311050,0.0,1
b242f971-3c74-3778-b148-81366c1e6a3f,WALDEN BEHAVIORAL CARE LLC,10 CAREMATRIX DR,DEDHAM,MA,020266149,42.2270762,-71.17237295563174,7816476700,0.0,71
99a31e4a-04aa-334b-9e96-904f01483d93,SPAULDING NURSING AND THERAPY CENTER BRIGHTON  INC.,100 N BEACON ST,ALLSTON,MA,021341928,42.3536388,-71.1375978,6177269700,0.0,1
e5b9db6a-8dd8-3622-b9ce-3dc593e111d1,ENGRACE HEALTHCARE PRACTICE LLC,1223 BEACON ST STE A,BROOKLINE,MA,024465332,42.3430087,-71.1170155,6177391122,0.0,104
6929d249-cc27-33aa-a871-b6f26059615d,MARTHA'S VINEYARD HOSPITAL INC,ONE HOSPITAL ROAD  FIRST FL  WING 5   PO BOX 1477,OAK BLUFFS,MA,025571406,41.4538523,-70.5684713,5086930410,0.0,178
2987ddf5-7ff2-3e4a-9e25-d654a10313fd,THOMAS UPHAM HOUSE,519 MAIN STREET,MEDFIELD,MA,020522522,42.186209649999995,-71.30745495273302,5083596050,0.0,2
19a3afba-b409-3650-a0ab-f3faf6e391ef,ASSOCIATED PHYSICIANS OF HARVARD MEDICAL FACULTY PHYSICIANS AT BETH IS,199 REEDSDALE RD,WALTHAM,MA,024511433,42.3756401,-71.2358004,6176964600,0.0,6
0e9d0119-1157-35a0-8bb5-7e0aa3041928,CARING HEALTH CENTER  INC,1049 MAIN STREET,SPRINGFIELD,MA,011032114,42.09977055,-72.58470990760483,4136931007,0.0,64
76b7dbb5-0a02-32a4-9a01-3511f7e45016,CARDIGAN NURSING & REHABILITATION CENTER,59 COUNTRY WAY,SCITUATE,MA,020663746,42.1806871,-70.74862935148246,7815459477,0.0,11
83a08dcf-7ed6-3d2e-afc0-a72c05d2563c,GREATER LAWRENCE FAMILY HEALTH CENTER INC,755 MAIN ST,HAVERHILL,MA,018302166,42.797835,-71.0878121,9786860090,0.0,63
c9aabcbd-d4e0-391f-8980-d0be6934ea82,VIGILANT FAMILY HEALTH CLINIC  INC.,340 PLEASANT ST,BROCKTON,MA,023013236,42.08764334999999,-71.03287346676532,8579918438,0.0,19
81991e0d-8034-36c8-be5c-624b44cb67de,76 NORTH STREET OPERATOR LLC,76 NORTH ST,MIDDLEBORO,MA,023461619,41.9014651,-70.91375666607357,5089474774,0.0,3
e68de1a0-767e-3466-b9a6-43948ee073d3,GOOD SHEPHERD COMMUNITY CARE,160 WELLS AVENUE,NEWTON,MA,024593302,42.29337605,-71.19806353028767,6179696130,0.0,5
d6c165ec-d9ca-35a5-9bc8-2061cbfb83a2,CHELMSFORD FAMILY PRACTICE  PC,10 ADAMS ST,NORTH CHELMSFORD,MA,018631780,42.6389249,-71.3840196,9782513159,0.0,19
1cec4304-9757-3a10-ad4f-7e2090c56131,UMASS MEMORIAL MEDICAL CENTER INC,55 LAKE AVE N,WORCESTER,MA,016550002,42.2774799,-71.76166994969458,5083340254,0.0,88
411f14a5-de79-3e08-81d6-301270cc2275,RHEUMATOLOGY AND INTERNAL MEDICINE ASSOCIATES PC,64 CONCORD STREET,WILMINGTON,MA,018872179,42.55962465,-71.13772203658047,9786641606,0.0,33
471f7ca2-38f8-3080-8109-187c73ec0b1f,SALEM FAMILY HEALTH CENTER,27 CONGRESS ST,SALEM,MA,019707308,42.518722068313224,-70.88940635956651,9787448388,0.0,301
a5577e5c-b886-37a0-8eee-8ff6feb7ea6b,MOUNT AUBURN HOSPITAL,330 MOUNT AUBURN ST,CAMBRIDGE,MA,021385502,42.3741033,-71.13417575971958,6174923500,0.0,259
7dcab1ad-0e13-3700-9eb0-70767c5e2b55,URGENT CARE PHYSICIANS PC,1515 ALLEN ST,SPRINGFIELD,MA,011181803,42.095299499999996,-72.50943136142334,4137839114,0.0,8
6ea4d3d6-d820-387a-a3d1-ed5944ad47a2,BLUESKIES WELLNESS INC,232 PLEASANT ST,METHUEN,MA,018447152,42.7397562,-71.17113575205717,9786551823,0.0,87
62b55e5b-b58f-354d-8f2d-f2a330bc619e,UMASS MEMORIAL HEALTHALLIANCE CLINTON HOSPITAL INC,201 HIGHLAND ST,CLINTON,MA,015101037,42.42738865,-71.69329092351188,9783683000,0.0,27
b574fc4f-313c-38a4-9baf-7e12e431a499,SAVARD & MOSKOS EYE HEALTH CARE  LLC,511 W GROVE ST,MIDDLEBORO,MA,023461479,41.90036455,-70.9535889372234,5089477321,0.0,33
9dbd44ba-59b2-3d1d-ac91-3880af8081d2,INTEGRATIVE FAMILY MEDICINE ASSOCIATES,529 MAIN ST STE B,ACTON,MA,017203965,42.4878132338563,-71.43046999422496,9786351800,0.0,27
9656a864-3b93-356f-9fa6-d7988e249977,ENRICH WELLNESS HEALTH CENTER LLC,950 N MAIN ST STE 203,RANDOLPH,MA,023683064,42.1871612,-71.0568102,5088120706,0.0,29
4eddfa13-f996-3048-9bbc-541b0a29038a,STEWARD ST ELIZABETHS MEDICAL CENTER OF BOSTON INC,736 CAMBRIDGE ST,BRIGHTON,MA,021353601,42.348649949999995,-71.14799584850206,6177893000,0.0,85
845fbd9b-2d1c-39a8-8261-28ae40e4fab2,MILFORD REGIONAL MEDICAL CENTER,14 PROSPECT STREET,UPTON,MA,015681431,42.1700209025178,-71.59409308099494,5084731190,0.0,170
946ec45f-5c4a-361f-b158-927144864133,COMPASSUS - GREATER WESTERN MASSACHUSETTS,19 MIDSTATE DRIVE  SUITE 130,AUBURN,MA,015011856,42.1894693,-71.85604765,5088452379,0.0,1
bac9dc0c-cb0f-3fa6-aa12-819dd0fb922a,CAMBRIDGE PUBLIC HEALTH COMMISSION,1493 CAMBRIDGE ST,SOMERVILLE,MA,021452935,42.3875968,-71.0994968,6176651000,0.0,122
9ce6072b-d039-3cde-8eaf-950211b8ae88,MIDDLETON FAMILY MEDICINE URGENT CARE  LLC,147 S MAIN ST,MIDDLETON,MA,019492446,42.585787222720036,-71.00861442427218,9787742555,0.0,73
af8566eb-8918-3ec7-ba44-92b6a2cf8097,NORTH SHORE MEDICAL CENTER INC,81 HIGHLAND AVE,SALEM,MA,019702714,42.5112107,-70.90516241826194,9787410522,0.0,1189
d4a03501-69f6-3a89-ac27-ed25976fdb6f,LIFE CARE CENTER OF STONEHAM,25 WOODLAND ROAD,STONEHAM,MA,021801705,42.450448800000004,-71.09076944938434,7816622545,0.0,6
42c13743-f36f-370a-a5ca-3e3c9795e02d,SENIOR RESIDENTIAL CARE - KINGSTON  INC.,17 CHIPMAN WAY,KINGSTON,MA,023641039,42.0115267956362,-70.78988939618995,7815854100,0.0,1
a036cdf2-bbc5-3ffd-987f-56e437fd8b74,WINDSOR NURSING & RETIREMENT HOME,265 N MAIN ST,SOUTH YARMOUTH,MA,026642083,41.680980000000005,-70.18292625685085,5083943514,0.0,13
03d7ee12-bdfe-3e48-9d29-757eb6f01ad0,HARBORSIDE MASSACHUSETTS LIMITED PARTNERSHIP,44 SUMMER ST,DANVERS,MA,019231574,42.57663745,-70.94996137026163,9787746955,0.0,2
4f5e8f16-a31b-3071-8556-d7188ede313d,HOLYOKE MEDICAL CENTER INC,575 BEECH ST,HOLYOKE,MA,010402223,42.20105435,-72.628169560868,4135342805,0.0,218
615416de-5217-3c11-9828-2d4bacd1d9cb,VISITING NURSE ASSOCIATION OF CAPE COD  INC.,434 ROUTE 134,HYANNIS,MA,026011854,41.6753274,-70.309939,5089577710,0.0,1
218e58e4-9642-3ebd-9b39-34d15f22c620,COMMUNICATIVE HEALTH CARE ASSOCIATES INC.,977 MAIN ST,WALTHAM,MA,024517406,42.376452150000006,-71.25063779999999,7818994709,0.0,29
f90ef475-defe-363d-a926-573b38f804a2,PRIMARY CARE FOR ADULTS PLLC,54 HOPEDALE ST,HOPKINTON,MA,017481672,42.2288875,-71.5196439,5084738373,0.0,60
a25107f7-f4f5-36fc-98e4-f3e1b5875c91,MASS GENERAL BRIGHAM URGENT CARE LLC,1285 BEACON ST,WOBURN,MA,018012157,42.4979478,-71.1684508,6177516205,0.0,2
0e6c3ad1-24c1-34cb-bb6d-e8438fa319e2,URGENT CARE OPERATIONS PC,50 DODGE ST,SWAMPSCOTT,MA,019071300,42.4699241,-70.9171507,9789222171,0.0,491
4f9dd195-07b8-3a81-8b7a-58852a0e6cdf,FAIR HAVENS INC,47 E MAIN ST,WEST BROOKFIELD,MA,015852906,42.2355113,-72.1381676,5088677716,0.0,1
43ee6bb5-8efa-3bfc-8ca8-1579a5267753,STEWARD GOOD SAMARITAN MEDICAL CENTER  INC.,235 N PEARL ST,BROCKTON,MA,023011794,42.09805395,-71.0609587194362,5084273000,0.0,4
3695125c-c052-3ece-898a-2a6448987ae5,URGENT CARE SPECIALISTS  P.C.,2040 BOSTON RD STE 5,WILBRAHAM,MA,010951380,42.150295650000004,-72.47288272264812,4135993800,0.0,3
bdd9ad72-443a-3563-a626-4c45f6d058b2,COMFORT HOME CARE  LLC,147 PELHAM STREET,WORCESTER,MA,016072105,42.265209,-71.814005,9786854700,0.0,3
05fcf001-ab24-3d7d-85f7-f64942d82738,ENCOMPASS HEALTH BRAINTREE HOSPITAL OF BRAINTREE,250 POND STREET,FRAMINGHAM,MA,017014592,42.2838619,-71.4093719,7818485353,0.0,83
05cd3fbb-08ce-38bf-b680-721a3e902d43,PODIATRIC HEALTHCARE PC,9 WARREN CT,SALEM,MA,019703163,42.51586993877551,-70.90514912244899,9787441309,0.0,8
a537b406-fdfa-36b4-84da-12512e7e6c63,STEWARD ST. ANNES HOSPITAL CORPORATION,795 MIDDLE ST,STOUGHTON,MA,020721829,42.1252079,-71.1022015,5086745600,0.0,84
7d627533-adbd-320a-9054-db91a2811597,CEDAR VIEW OPERATOR LLC,480 JACKSON ST,METHUEN,MA,018444020,42.7327291,-71.16807304424162,9786863906,0.0,1
c217aecf-c449-347c-b150-5c51f365c961,HOLYOKE HEALTHCARE CENTER,282 CABOT ST,HOLYOKE,MA,010403141,42.207214896551726,-72.62053189655173,4135387470,0.0,2
e5d50afe-8c7d-35f5-96f5-fb8941403b0f,VMD PRIMARY PROVIDERS MASSACHUSETTS PLLC,125 S CLARK ST STE 900,FALL RIVER,MA,02722,41.74223,-71.129706,3124657900,0.0,30
8dcaef28-eeff-348a-b5f6-cc14f3cf5ec8,135 BENTON DRIVE OPERATING COMPANY  LLC,135 BENTON DRIVE,EAST LONGMEADOW,MA,010283117,42.05060015,-72.53143410709065,4135253336,0.0,1
9adfae03-673d-365d-9052-f705098fa3e4,THE SHRINERS HOSPITAL FOR CHILDREN,51 BLOSSOM ST,BOSTON,MA,021142699,42.36305545,-71.06643399281765,1617722300,0.0,284
25431f9a-00e4-36d8-9810-4125328eec50,THE GENERAL HOSPITAL CORPORATION,55 FRUIT ST,WALTHAM,MA,02451,42.3756401,-71.2358004,6177262000,0.0,49
89171335-b9c0-3326-98d6-a837d432b9fd,WHITTIER REHABILTATION HOSPITAL,150 FLANDERS ROAD,LYNN,MA,019042915,42.466763,-70.9494939,5088712063,0.0,10
7cd7fc5c-3fa7-3b6e-b3c9-0dbaec2a3470,HOLYOKE HEALTH CENTER INC,505 FRONT STREET,CHICOPEE,MA,010133140,42.14871685,-72.59756969862315,4134202222,0.0,69
01bde980-bf89-3138-8912-7360dff33247,LE & CHANG FAMILY URGENT CARE PC,456 PARK AVE,WORCESTER,MA,016101254,42.25512735,-71.82580924803523,5086851517,0.0,2
217cb6f6-e822-3831-9d9d-ffa104971042,ENCOMPASS HEALTH REHABILITATION HOSP OF NEW ENGLAN,2 REHABILITATION WAY,WOBURN,MA,018016003,42.46352265,-71.161925472006,7819355050,0.0,61
e2a8b444-9b8f-36ff-84c4-05ee98589482,WHITLEY WELLNESS LLC,8 SHIPWAY PL # C-8,CHARLESTOWN,MA,021294301,42.3778749,-71.0619957,3254399799,0.0,95
65dac97b-bb0c-38ae-94bc-bf29ac9687ea,CRANEVILLE PLACE REHABILITATION & SKILLED  CARE CT,265 MAIN STREET,DALTON,MA,012261614,42.472932099999994,-73.17745071097283,4136843212,0.0,2
e0cc7e8e-e1a4-3a02-b589-0a35741d39fe,SUNSHINE WELLNESS INC,990 PARADISE RD,SWAMPSCOTT,MA,019071831,42.48374535000001,-70.90120467000462,6179353609,0.0,57
121b0ad1-1beb-3caa-9271-3d3f726bb727,PATRIOT URGENT CARE PROFESSIONALS PC,1030 MAIN STREET,WALTHAM,MA,024517447,42.375828,-71.2527956,7818946900,0.0,56
9ba25035-53e5-344b-9b9e-94331a58d1d4,BOSTON HEALTH CARE INC,420 MAIN ST,WALPOLE,MA,020812553,42.161882199999994,-71.2388707178431,5086607949,0.0,22
2fc3d86d-4194-3ad1-bb8a-99d5d34119a1,QUINCY PRIMARY HEALTHCARE PC,300 CONGRESS ST STE 203,QUINCY,MA,021690907,42.2345525,-71.01493330273374,6174811771,0.0,57
67cade01-dcfe-37b7-8e2c-b712d9e6fbba,RUTLAND FAMILY HEALTH CENTER,694 MAIN ST,HOLDEN,MA,015201862,42.3406819,-71.8390289,5088866500,0.0,28
b954c464-11ea-312b-a3f8-1350775bfa54,CHELSEA JEWISH HOSPICE AND PALLIATIVE CARE,123 CAPTAIN'S ROW,CHELSEA,MA,021504019,42.3917638,-71.0328284,6178890779,0.0,5
0dfa7ab2-4acc-360c-ab55-beb8e38a8c1d,HUGHES HEALTH AND WELLNESS,36 CORTADGE PARK,PLYMOUTH,MA,023607320,41.9426657,-70.7618592,5082807214,0.0,28
7cb70963-6f86-3eab-a12b-88deb31de793,STERLING VILLAGE,18 DANA HILL ROAD,STERLING,MA,015642414,42.4106904,-71.7976286731579,9784225111,0.0,2
95f6c328-96dd-3fb8-a56e-9aad566094b4,EXCEL HOME CARE SERVICES INC,4 STONY HILL ROAD,WILBRAHAM,MA,010951027,42.1552861,-72.48384800788648,4135832005,0.0,9
47602b5b-f4aa-3c73-aa26-2268ccf7a83c,HUNT NURSING & REHAB CENTER,90 LINDALL STREET,DANVERS,MA,019232125,42.574712149999996,-70.94359556912616,9787773740,0.0,29
6d16a8e3-3569-38ab-afac-a2f8c1125085,BROOKHAVEN AT LEXINGTON,1010 WALTHAM STREET,LEXINGTON,MA,024218052,42.4139392,-71.22929265883278,7818639660,0.0,6
76baa51d-0d0f-359d-a07b-7b999a43d42e,PATHWAYS HEALTHCARE LLC,101 STATION DR STE 240,WESTWOOD,MA,020902336,42.20728361922244,-71.15698168263435,6174819077,0.0,40
02d7b144-352f-3eac-97db-6fc4a95bf1fa,LASELL HOUSE,120 SEMINARY AVENUE,AUBURNDALE,MA,024662650,42.34002614299451,-71.24911543639162,6176637000,0.0,2
c05d73d0-b348-32ce-9fe5-13a720950f37,URGENT HELP CHELMSFORD PC,45 DRUM HILL RD,CHELMSFORD,MA,018241503,42.6255635,-71.3615131,9784467515,0.0,4
ac0fde88-b0ad-3388-a4a8-b8fc2a4f4af2,NEW ENGLAND SINAI HOSPITAL,150 YORK STREET,STOUGHTON,MA,020729105,42.144646800000004,-71.09875876961266,7813644850,0.0,27
0592d4e5-a0fb-3143-83cd-8e5a6b066a96,SOUTH SHORE PRIMARY AND URGENT CARE LLC,20 EAST ST,HANOVER,MA,023391638,42.1278249,-70.82664947485381,7815610460,0.0,111
6b9c5830-a278-38ff-887f-ccefd74cf8e8,SOUTHEAST HEALTH CARE CENTER,184 LINCOLN STREET,NORTH EASTON,MA,023561799,42.06665855,-71.11947646404934,5082387053,0.0,1
7b5bf0fc-c5c0-3f22-980b-fdfff326a9b4,WOONSOCKET URGENT CARE PC,40 CUMBERLAND AVE,NORTH ATTLEBORO,MA,027604445,41.9316677,-71.35407469790115,7812550500,0.0,16
ba07b31b-bf14-39b8-be95-4c5ca5062daa,SPAULDING HOSPITAL FOR CONTINUING MED CARE-CAMB,1575 CAMBRIDGE ST,CAMBRIDGE,MA,021384308,42.375209549999994,-71.10711344152975,6178764344,0.0,66
6aae7a31-90df-3455-ad8d-81f8cf2d21e8,BROCKTON HOSPITAL  INC.,680 CENTRE ST,BROCKTON,MA,023023308,42.0872752,-70.9910738855076,5089417000,0.0,20
